-- phpMyAdmin SQL Dump
-- version 3.4.9
-- http://www.phpmyadmin.net
--
-- Host: localhost
-- Generation Time: Feb 18, 2012 at 10:36 AM
-- Server version: 5.0.92
-- PHP Version: 5.2.6

SET SQL_MODE="NO_AUTO_VALUE_ON_ZERO";
SET time_zone = "+00:00";


/*!40101 SET @OLD_CHARACTER_SET_CLIENT=@@CHARACTER_SET_CLIENT */;
/*!40101 SET @OLD_CHARACTER_SET_RESULTS=@@CHARACTER_SET_RESULTS */;
/*!40101 SET @OLD_COLLATION_CONNECTION=@@COLLATION_CONNECTION */;
/*!40101 SET NAMES utf8 */;

--
-- Database: `teeratitour`
--

-- --------------------------------------------------------

--
-- Table structure for table `t_admin`
--

CREATE TABLE IF NOT EXISTS `t_admin` (
  `admin_id` int(5) unsigned NOT NULL auto_increment,
  `user_name` varchar(50) NOT NULL,
  `pass_word` varchar(255) NOT NULL,
  `fullname` varchar(150) NOT NULL,
  `address` varchar(255) NOT NULL,
  `tel` varchar(20) NOT NULL,
  `email` varchar(100) NOT NULL,
  `active_status` enum('yes','no') NOT NULL,
  `update_dtm` timestamp NOT NULL default CURRENT_TIMESTAMP on update CURRENT_TIMESTAMP,
  `enter_dtm` timestamp NOT NULL default '0000-00-00 00:00:00',
  PRIMARY KEY  (`admin_id`),
  KEY `user_name` (`user_name`),
  KEY `pass_word` (`pass_word`)
) ENGINE=MyISAM  DEFAULT CHARSET=utf8 AUTO_INCREMENT=5 ;

--
-- Dumping data for table `t_admin`
--

INSERT INTO `t_admin` (`admin_id`, `user_name`, `pass_word`, `fullname`, `address`, `tel`, `email`, `active_status`, `update_dtm`, `enter_dtm`) VALUES
(1, 'admin', '*2470C0C06DEE42FD1618BB99005ADCA2EC9D1E19', 'Suraiya Bambooya', '58/45 Surin Beach, Katu', '0846330800', 'suraiya_955@hotmail.com', 'yes', '2011-12-30 15:44:19', '2011-12-29 16:06:11'),
(3, 'fafirer', '*2470C0C06DEE42FD1618BB99005ADCA2EC9D1E19', 'ปัทมา กิติภัทรภูมิกุล', '45 บายพาส ต.วิชิต อ.เมือง จ.ภูเก็ต ', '0831057263', 'fa_firer@hotmail.com', 'yes', '2011-12-31 13:42:39', '2011-12-31 13:42:39'),
(4, 'sombie', '*2470C0C06DEE42FD1618BB99005ADCA2EC9D1E19', 'โสพิตา จักสุยินานนท์', '30/8 สงขลา', '0895246587', 'rung_r_@hotmail.com', 'yes', '2011-12-31 15:41:46', '2011-12-31 15:40:19');

-- --------------------------------------------------------

--
-- Table structure for table `t_blog`
--

CREATE TABLE IF NOT EXISTS `t_blog` (
  `blog_id` int(10) unsigned NOT NULL auto_increment,
  `admin_id` int(5) unsigned NOT NULL,
  `title` varchar(255) NOT NULL,
  `create_dtm` timestamp NOT NULL default CURRENT_TIMESTAMP on update CURRENT_TIMESTAMP,
  PRIMARY KEY  (`blog_id`)
) ENGINE=MyISAM DEFAULT CHARSET=utf8 AUTO_INCREMENT=1 ;

-- --------------------------------------------------------

--
-- Table structure for table `t_blog_detail`
--

CREATE TABLE IF NOT EXISTS `t_blog_detail` (
  `blog_detail_id` int(10) unsigned NOT NULL auto_increment,
  `blog_id` int(10) unsigned NOT NULL,
  `admin_id` int(5) unsigned NOT NULL,
  `photo` varchar(255) NOT NULL,
  `desc` text NOT NULL,
  `enter_dtm` timestamp NOT NULL default CURRENT_TIMESTAMP on update CURRENT_TIMESTAMP,
  PRIMARY KEY  (`blog_detail_id`),
  KEY `blog_id` (`blog_id`)
) ENGINE=MyISAM DEFAULT CHARSET=utf8 AUTO_INCREMENT=1 ;

-- --------------------------------------------------------

--
-- Table structure for table `t_booking`
--

CREATE TABLE IF NOT EXISTS `t_booking` (
  `booking_id` int(10) unsigned NOT NULL auto_increment,
  `cus_id` int(10) unsigned NOT NULL,
  `trip_id` int(10) unsigned NOT NULL,
  `booking_code` varchar(20) NOT NULL,
  `num_person` int(4) unsigned NOT NULL,
  `num_double_bed` int(4) unsigned NOT NULL,
  `num_single_bed` int(4) unsigned NOT NULL,
  `num_extra_bed` int(4) unsigned NOT NULL,
  `num_bed_sharing` int(4) unsigned NOT NULL,
  `price_double_bed` int(8) unsigned NOT NULL,
  `price_single_bed` int(8) unsigned NOT NULL,
  `price_extra_bed` int(8) unsigned NOT NULL,
  `price_bed_sharing` int(8) unsigned NOT NULL,
  `total_price` int(8) unsigned NOT NULL,
  `payment` enum('yes','no','cancel') NOT NULL,
  `remark` text NOT NULL,
  `booking_dtm` timestamp NOT NULL default CURRENT_TIMESTAMP on update CURRENT_TIMESTAMP,
  PRIMARY KEY  (`booking_id`),
  KEY `cus_id` (`cus_id`),
  KEY `trip_id` (`trip_id`),
  KEY `booking_code` (`booking_code`)
) ENGINE=MyISAM  DEFAULT CHARSET=utf8 AUTO_INCREMENT=10 ;

--
-- Dumping data for table `t_booking`
--

INSERT INTO `t_booking` (`booking_id`, `cus_id`, `trip_id`, `booking_code`, `num_person`, `num_double_bed`, `num_single_bed`, `num_extra_bed`, `num_bed_sharing`, `price_double_bed`, `price_single_bed`, `price_extra_bed`, `price_bed_sharing`, `total_price`, `payment`, `remark`, `booking_dtm`) VALUES
(1, 1, 3, 'B00001', 3, 2, 0, 1, 0, 21999, 25999, 20999, 19999, 64997, 'no', '', '2012-02-02 16:41:57'),
(2, 2, 3, 'B00002', 4, 2, 0, 1, 1, 21999, 25999, 20999, 19999, 84996, 'no', '', '2012-02-02 16:53:43'),
(6, 6, 3, 'B00006', 3, 2, 0, 1, 0, 21999, 25999, 20999, 19999, 64997, 'yes', '', '2012-02-09 04:24:30'),
(4, 4, 1, 'B00004', 4, 4, 0, 0, 0, 21999, 26999, 20999, 19999, 87996, 'cancel', '', '2012-02-05 13:30:35'),
(5, 5, 5, 'B00005', 2, 2, 0, 0, 0, 27999, 33999, 26999, 25999, 55998, 'cancel', '', '2012-02-05 13:59:32'),
(7, 7, 5, 'B00007', 4, 4, 0, 0, 0, 27999, 33999, 26999, 25999, 111996, 'yes', '', '2012-02-09 04:43:05'),
(8, 8, 5, 'B00008', 4, 4, 0, 0, 0, 27999, 33999, 26999, 25999, 111996, 'cancel', '', '2012-02-15 01:40:39'),
(9, 9, 5, 'B00009', 2, 2, 0, 0, 0, 27999, 33999, 26999, 25999, 55998, 'cancel', '', '2012-02-15 02:42:57');

-- --------------------------------------------------------

--
-- Table structure for table `t_booking_id`
--

CREATE TABLE IF NOT EXISTS `t_booking_id` (
  `id` int(1) unsigned NOT NULL,
  `booking_id` int(10) unsigned NOT NULL,
  PRIMARY KEY  (`id`)
) ENGINE=MyISAM DEFAULT CHARSET=utf8;

--
-- Dumping data for table `t_booking_id`
--

INSERT INTO `t_booking_id` (`id`, `booking_id`) VALUES
(1, 9);

-- --------------------------------------------------------

--
-- Table structure for table `t_customer`
--

CREATE TABLE IF NOT EXISTS `t_customer` (
  `cus_id` int(10) unsigned NOT NULL auto_increment,
  `user_name` varchar(50) NOT NULL,
  `pass_word` varchar(255) NOT NULL,
  `comp_name` varchar(100) NOT NULL,
  `fullname` varchar(100) NOT NULL,
  `id_card` varchar(13) NOT NULL,
  `address` varchar(255) NOT NULL,
  `cus_type` enum('personal','agency') NOT NULL,
  `email` varchar(100) NOT NULL,
  `tel` varchar(20) NOT NULL,
  `active_status` enum('yes','no') NOT NULL,
  `update_dtm` timestamp NOT NULL default CURRENT_TIMESTAMP on update CURRENT_TIMESTAMP,
  `enter_dtm` timestamp NOT NULL default '0000-00-00 00:00:00',
  PRIMARY KEY  (`cus_id`),
  KEY `username` (`user_name`),
  KEY `password` (`pass_word`)
) ENGINE=MyISAM  DEFAULT CHARSET=utf8 AUTO_INCREMENT=10 ;

--
-- Dumping data for table `t_customer`
--

INSERT INTO `t_customer` (`cus_id`, `user_name`, `pass_word`, `comp_name`, `fullname`, `id_card`, `address`, `cus_type`, `email`, `tel`, `active_status`, `update_dtm`, `enter_dtm`) VALUES
(1, '', '', 'สยามออคิด รีสอร์ท แอนด์ สปา', 'กันติชา อารักษ์', '', '60/124 ถ.ถลาง อ.เมือง จ.ภูเก็ต', 'personal', 'suraiya_955@hotmail.com', '076233659', 'yes', '2012-02-02 16:41:56', '0000-00-00 00:00:00'),
(2, '', '', '', 'สาวิตรี ชูชก', '', '70/124 ถ.รักภูเก็ต อ.เมือง จ.ภูเก็ต', 'personal', 'suraiya_955@hotmail.com', '0853978563', 'yes', '2012-02-02 16:53:43', '0000-00-00 00:00:00'),
(6, '', '', 'ภูเก็ต เจ็ททัวร์', 'รพีภัทร อิทรจันทร์', '', '60/12 ถ.เจ้าฟ้านอก ต.ฉลอง อ.เมือง จ.ภูเก็ต', 'personal', 'suraiya_955@hotmail.com', '0894719999', 'yes', '2012-02-09 06:39:06', '0000-00-00 00:00:00'),
(4, '', '', '', 'นิตยา คุ้มสุด', '', '456 ถ.เจ้าฟ้า ต.ฉลอง อ.เมือง จ.ภูเก็ต', 'personal', 'suraiya_955@hotmail.com', '089456765', 'yes', '2012-02-05 13:30:35', '0000-00-00 00:00:00'),
(5, '', '', '', 'กิติภา มันดูดี', '1111111111111', '58/78 ถ.เยาวราช ต.ตลาดใหญ่ อ.เมือง จ.ภูเก็ต', 'personal', 'suraiya_955@hotmail.com', '0853655689', 'yes', '2012-02-15 03:35:06', '0000-00-00 00:00:00'),
(7, '', '', '', 'อันนพ มีตางค์', '', '70/124 ถ.ศักดิเดช ต.วิชิต อ.เมือง จ.ภูเก็ต', 'personal', 'suraiya_955@hotmail.com', '0853977586', 'yes', '2012-02-09 04:43:05', '0000-00-00 00:00:00'),
(8, '', '', 'ภูเก็ต เจ็ตทัวร์', 'พิชยา นามสมมุติ', '3870390299', '70/124 ถ.รักภูเก็ต อ.เมือง จ.ภูเก็ต', 'personal', 'suraiya_955@hotmail.com', '0894712535', 'yes', '2012-02-14 16:14:09', '0000-00-00 00:00:00'),
(9, '', '', '', 'เอกราช ชูวงษ์', '4567891234566', '60/12 ถ.เจ้าฟ้านอก ต.ฉลอง อ.เมือง จ.ภูเก็ต', 'personal', 'suraiya_955@hotmail.com', '0894712563', 'yes', '2012-02-15 03:49:08', '0000-00-00 00:00:00');

-- --------------------------------------------------------

--
-- Table structure for table `t_gallery`
--

CREATE TABLE IF NOT EXISTS `t_gallery` (
  `gall_id` int(10) unsigned NOT NULL auto_increment,
  `admin_id` int(5) unsigned NOT NULL,
  `thumb` varchar(255) NOT NULL,
  `photo` varchar(255) NOT NULL,
  `alt` varchar(255) NOT NULL,
  `enter_dtm` timestamp NOT NULL default CURRENT_TIMESTAMP on update CURRENT_TIMESTAMP,
  PRIMARY KEY  (`gall_id`)
) ENGINE=MyISAM  DEFAULT CHARSET=utf8 AUTO_INCREMENT=49 ;

--
-- Dumping data for table `t_gallery`
--

INSERT INTO `t_gallery` (`gall_id`, `admin_id`, `thumb`, `photo`, `alt`, `enter_dtm`) VALUES
(20, 1, '6.jpg', '6.jpg', 'ยามเย็นที่บาหลี', '2012-02-15 17:24:26'),
(19, 1, '5.jpg', '5.jpg', 'นั่งอยู่นานแล้ว ไม่ได้สักตัว', '2012-02-15 17:23:26'),
(18, 1, '4.jpg', '4.jpg', 'sky walker ที่มาเลยเซีย', '2012-02-15 17:22:26'),
(17, 1, '3.jpg', '3.jpg', 'วิวจาก the peak ที่ฮ่องกง', '2012-02-15 17:21:26'),
(16, 1, '2.jpg', '2.jpg', 'เรือขายของที่เวียดนาม', '2012-02-15 17:20:15'),
(15, 1, '1.jpg', '1.jpg', 'ซากประตูโบสถ์ St'' Paul', '2012-02-15 17:18:57'),
(21, 1, '7.jpg', '7.jpg', 'ทำนาขั้นบันได้ที่บาหลี', '2012-02-15 17:25:12'),
(22, 1, '8.jpg', '8.jpg', 'เกาะกลางทะเลที่บาหลี', '2012-02-15 17:25:58'),
(23, 1, '9.jpg', '9.jpg', 'น้ำท่วมทุ่งที่อินโด', '2012-02-15 17:26:40'),
(24, 1, '10.jpg', '10.jpg', 'นาข้าวที่อินโด', '2012-02-15 17:27:17'),
(25, 1, '11.jpg', '11.jpg', 'หน้าผาสูงชัน', '2012-02-15 17:28:48'),
(26, 1, '12.jpg', '12.jpg', 'วิวจาก the peak ที่ฮ่องกง', '2012-02-15 17:29:28'),
(27, 1, '13.jpg', '13.jpg', 'กัวลาลัมเปอร์ที่มาเลย์', '2012-02-15 17:30:18'),
(28, 1, '14.jpg', '14.jpg', 'ฮ่องกง', '2012-02-15 17:31:11'),
(29, 1, '16.jpg', '16.jpg', 'วัดโปลิน ที่ฮ่องกง', '2012-02-15 17:32:01'),
(30, 1, '17.jpg', '17.jpg', 'วัดที่ฮ่องกง', '2012-02-15 17:32:43'),
(34, 1, '18.jpg', '18.jpg', 'อ่าววิกตอเรียที่ฮ่องกง', '2012-02-15 17:35:58'),
(33, 1, '19.jpg', '19.jpg', 'บ้านริมผา', '2012-02-15 17:34:36'),
(35, 1, '21.jpg', '21.jpg', 'อ่าวฮาลองที่เวียดนาม', '2012-02-15 17:37:03'),
(36, 1, '22.jpg', '22.jpg', 'เซนันโด้สแควร์ที่มาเก๊า', '2012-02-15 17:37:58'),
(37, 1, '23.jpg', '23.jpg', 'คาซิโนที่มาเก๊า', '2012-02-15 17:38:38'),
(38, 1, '24.jpg', '24.jpg', 'เวเนเซี่ยนมาเก๊า', '2012-02-15 17:39:24'),
(39, 1, '25.jpg', '25.jpg', 'คาซิโนแกรนลิสบัวที่มาเก๊า', '2012-02-15 17:40:29'),
(40, 1, '27.jpg', '27.jpg', 'รีสอร์ทที่มัลดิฟ', '2012-02-15 17:41:33'),
(41, 1, '28.jpg', '28.jpg', 'สะพานยาวจังเลย', '2012-02-15 17:42:17'),
(42, 1, '29.jpg', '29.jpg', 'ปาการังรอบเกาะเลย', '2012-02-15 17:42:51'),
(43, 1, '30.jpg', '30.jpg', 'มัลดิฟวิลล่าทะเลสวย', '2012-02-15 17:43:37'),
(44, 1, '31.jpg', '31.jpg', 'วันหยุดคนเยอะจัง', '2012-02-15 17:44:17'),
(45, 1, '32.jpg', '32.jpg', 'คนหายไปไหนกันหมด', '2012-02-15 17:44:52'),
(46, 1, '34.jpg', '34.jpg', 'สิงโตพ่นน้ำที่อ่าวมาริน่า', '2012-02-15 17:45:45'),
(47, 1, '35.jpg', '35.jpg', 'ตึกหนามทุเรียนที่อ่าวมาริน่า', '2012-02-15 17:46:28'),
(48, 1, '36.jpg', '36.jpg', 'อ่าวฮาลอง น้ำเขียวจัง', '2012-02-15 17:47:26');

-- --------------------------------------------------------

--
-- Table structure for table `t_news`
--

CREATE TABLE IF NOT EXISTS `t_news` (
  `news_id` int(10) unsigned NOT NULL auto_increment,
  `admin_id` int(5) unsigned NOT NULL,
  `title` varchar(255) NOT NULL,
  `detail` text NOT NULL,
  `banner` varchar(255) NOT NULL,
  `update_dtm` timestamp NOT NULL default CURRENT_TIMESTAMP on update CURRENT_TIMESTAMP,
  `enter_dtm` timestamp NOT NULL default '0000-00-00 00:00:00',
  PRIMARY KEY  (`news_id`)
) ENGINE=MyISAM  DEFAULT CHARSET=utf8 AUTO_INCREMENT=4 ;

--
-- Dumping data for table `t_news`
--

INSERT INTO `t_news` (`news_id`, `admin_id`, `title`, `detail`, `banner`, `update_dtm`, `enter_dtm`) VALUES
(2, 1, 'ความงดงามมรดกโลกอ่าวฮาลอง', 'ด้วยหินปูนที่สั่งสมกลายเป็นเกาะเล็กๆ มากกว่า 3,000 เกาะ และ ยอดเขาสูงชี้ฟ้าเหนือพ้นสายน้ำสีมรกต ทำให้ไม่น่าแปลกใจเลยว่าทำไม ฮาลอง เบย์ จึงเป็นสิ่งอัศจรรย์ทางธรรมชาติที่มีชื่อเสียงที่สุดของเวียดนาม ความอัศจรรย์นั้นได้รับการรับรองจาก UNESCO ให้เป็นหนึ่งในมรดกโลกตั้งแต่ปี 1994 ส่วนหลักๆ ของเกาะน้อยใหญ่นั้นเป็นหินบริสุทธิ์ ซึ่งไม่มีมนุษย์คนใดเข้าไปอาศัยหรือทำให้เสื่อมโทรม ทิวทัศน์ที่สวยงามและมีชื่อเสียงที่สุดนั้นถูกเติมเต็มด้วยความน่าหลงใหลของสิ่งแวดล้อมธรรมชาติของตัวอ่าว ซึ่งรวมไปถึง หาดทรายอันสงบ, ถ้ำน้อยใหญ่อันแสนลึกลับ', 'b23.jpg', '2012-02-15 14:50:46', '2012-02-10 06:17:23'),
(3, 1, 'แคชเมียร์ เส้นทางโรแมนติกกลางหุบเขา', 'เสียงร่ำลือในความงามของ “แคชเมียร์” รัฐที่ตั้งอยู่ตอนเหนือสุดของประเทศอินเดีย ถึงขนาดเปรียบเปรยกันว่าดินแดนแห่งนี้เป็นสวรรค์บนดิน บ้างก็เปรียบเทียบว่าเป็นสวิตเซอร์แลนด์ของเอเชีย ทำให้ผู้คนจำนวนไม่น้อยใฝ่ฝันว่าวันหนึ่งจะต้องเดินทางมาเยือนแคชเมียร์สักครั้ง แคชเมียร์ ดินแดนที่สวยที่สุดในโลก เปรียบดุจสวรรค์บนโลกมนุษย์ ทะเลสาบดาล ทะเลสาบสวยใส ใจกลางเทือกเขาหิมาลัย กุลมาร์คและโซนามาร์ค ความผสมผสานของทุ่งหญ้าและภูเขาหิมะอันงดงาม ทัชมาฮาล สิ่งมหัศจรรย์ที่งดงามที่สุด เกิดขึ้นโดยอนุภาพความรักบันดาล', 'india27.jpg', '2012-02-15 14:47:53', '2012-02-10 06:18:47');

-- --------------------------------------------------------

--
-- Table structure for table `t_request`
--

CREATE TABLE IF NOT EXISTS `t_request` (
  `req_id` int(10) unsigned NOT NULL auto_increment,
  `cus_id` int(10) unsigned NOT NULL,
  `chk_admin_id` int(5) unsigned NOT NULL,
  `title` varchar(255) NOT NULL,
  `desc` text NOT NULL,
  `num_person` int(4) unsigned NOT NULL,
  `travel_date` date NOT NULL,
  `checked` enum('yes','no') NOT NULL,
  `request_dtm` timestamp NOT NULL default CURRENT_TIMESTAMP on update CURRENT_TIMESTAMP,
  PRIMARY KEY  (`req_id`),
  KEY `cus_id` (`cus_id`)
) ENGINE=MyISAM DEFAULT CHARSET=utf8 AUTO_INCREMENT=1 ;

-- --------------------------------------------------------

--
-- Table structure for table `t_tours`
--

CREATE TABLE IF NOT EXISTS `t_tours` (
  `tour_id` int(10) unsigned NOT NULL auto_increment,
  `des_id` int(10) unsigned NOT NULL,
  `admin_id` int(5) unsigned NOT NULL,
  `title` varchar(255) NOT NULL,
  `detail` text NOT NULL,
  `banner` varchar(255) NOT NULL,
  `doc` varchar(255) NOT NULL,
  `num_date` int(3) unsigned NOT NULL,
  `active_status` enum('yes','no') NOT NULL,
  `create_dtm` timestamp NOT NULL default CURRENT_TIMESTAMP on update CURRENT_TIMESTAMP,
  PRIMARY KEY  (`tour_id`),
  KEY `des_id` (`des_id`)
) ENGINE=MyISAM  DEFAULT CHARSET=utf8 AUTO_INCREMENT=5 ;

--
-- Dumping data for table `t_tours`
--

INSERT INTO `t_tours` (`tour_id`, `des_id`, `admin_id`, `title`, `detail`, `banner`, `doc`, `num_date`, `active_status`, `create_dtm`) VALUES
(3, 8, 1, 'ฉางซา จางเจียเจี้ย โชว์เสน่ห์ตะวันตก 5 วัน', 'ชมความอลังการของ ประตูสู่สวรรค์สมาชิก ROYAL ORCHID PLUS สะสมไมล์ได้ชมลำธารจินเปียนซี หรือ ลำธารแส้ทอง ซึ่งเป็นลำธารที่ไหลวนชมโชว์การแสดงพื้นเมือง โชว์เหม่ยลี่เจียงซี เสน่ห์ตะวันตก ', 'banner_1.jpg', '24052011110527.pdf', 5, 'yes', '2012-01-18 15:26:24'),
(4, 5, 1, 'สิงค์โปร์ ยูนิเวอร์เซล สตูดิโอ 3 วัน', 'เที่ยวยูนิเวอร์ แซล สนุกกับเครื่องเล่นที่ใหม่ที่สุด หวาดเสียวกับ BATTLESTAR GALACTICT ตื่นตาไปกับการแสดงโชว์ทะเลสาบ การแสดงสายน้ำประกอบเสียงเพลง ', 'banner_3.jpg', '08092010150957.pdf', 3, 'yes', '2012-01-20 15:24:08');

-- --------------------------------------------------------

--
-- Table structure for table `t_tour_day_program`
--

CREATE TABLE IF NOT EXISTS `t_tour_day_program` (
  `prog_id` int(10) unsigned NOT NULL auto_increment,
  `title_id` int(10) unsigned NOT NULL,
  `period` varchar(250) NOT NULL,
  `detail` text NOT NULL,
  `admin_id` int(5) unsigned NOT NULL,
  `update_dtm` timestamp NOT NULL default CURRENT_TIMESTAMP on update CURRENT_TIMESTAMP,
  `enter_dtm` timestamp NOT NULL default '0000-00-00 00:00:00',
  PRIMARY KEY  (`prog_id`),
  KEY `title_id` (`title_id`)
) ENGINE=MyISAM  DEFAULT CHARSET=utf8 AUTO_INCREMENT=33 ;

--
-- Dumping data for table `t_tour_day_program`
--

INSERT INTO `t_tour_day_program` (`prog_id`, `title_id`, `period`, `detail`, `admin_id`, `update_dtm`, `enter_dtm`) VALUES
(2, 1, '08.00 น.', 'คณะพร้อมกันที่สนามบินสุวรรณภูมิ ชั้น 4 ขาออก ประตู 4 เคาน์เตอร์ D สายการบินไทย โดยมีเจ้าหน้าที่ของบริษัทฯ คอยต้อนรับและอำนวยความสะดวกในการเช็คอินให้กับท่าน ', 1, '2012-01-20 15:01:54', '2012-01-20 15:01:54'),
(3, 1, '10.45 น.', 'เหิรฟ้าสู่ กวางเจา เที่ยวบินที่ TG 668', 1, '2012-01-20 15:02:23', '2012-01-20 15:02:23'),
(4, 1, '12.45 น.', 'ถึงสนามบินกวางเจา ผ่านพิธีการตรวจคนเข้าเมืองและด่านศุลกากรแล้ว \r\nจากนั้นนำท่านเดินทางสู่ เมืองฉางซา โดยรถไฟด่วน ความเร็ว 350 กิโลเมตร / ชั่วโมง (บัตรโดยสารชั้นปกติ) (ขอความกรุณาทุกท่านนำกระเป๋าสัมภาระขึ้นขบวนรถไฟด้วยตัวท่านเอง โดยมีหัวหน้าทัวร์คอยช่วยเหลือท่าน) เชิญทุกท่านพิสูจน์ความเร็วของรถไฟด่วนสายนี้ ซึ่งถือเป็นความเร็วอันดับหนึ่งแบบทิ้งห่างจากคู่แข่งหลายช่วงตัว โดยบริษัท Siemens, Bombardier และ Alstom ได้ร่วมกันออกแบบและสร้างรถไฟระบบนี้ขึ้นมา และจากการทดลองวิ่งเมื่อต้นเดือนธันวาคม 2552 ที่ผ่านมา สามารถทำความเร็วสูงสุดได้ถึง 395 ก.ม. / ช.ม. แม้ความเร็วเฉลี่ยตลอดการเดินทาง 350 ก.ม. /ช.ม. ซึ่งก็ยังเร็วกว่าคู่แข่งอื่นๆ มาก อาทิ รถไฟหัวกระสุนของญี่ปุ่น (243 ก.ม./ช.ม.), เยอรมันนี (232 ก.ม./ช.ม.), และฝรั่งเศส (277 ก.ม. / ช.ม.) รถไฟสายใหม่ของจีนนี้จะเชื่อม 20 เมืองตลอดเส้นทางเพื่อเชื่อมโยงภาคกลางของประเทศเข้ากับภูมิภาคที่ยังคงพัฒนาล้าหลังอีกจำนวนมาก… ถึง เมืองฉางซา เป็น เมืองหลวงของมณฑลหูหนานซึ่งมีความสำคัญทางประวัติศาสตร์และวัฒนธรรมแห่งหนึ่งของจีนรวมทั้งเป็นศูนย์กลางด้านการเมืองเศรษฐกิจ และวัฒนธรรมของมณฑลหูหนานด้วยมีคำกล่าวว่า “หากมาจางเจียเจี้ยแล้วไม่ได้มาเมืองฉางซาก็เหมือนมาไม่ถึงหูหนาน”... ', 1, '2012-01-20 15:02:48', '2012-01-20 15:02:48'),
(5, 1, 'ค่ำ', 'รับประทานอาหาร ณ ภัตตาคาร… \r\nจากนั้นนำท่านสู่ที่พัก XIANG JUN HUA TIAN HOTEL หรือ เทียบเท่า 4*', 1, '2012-01-20 15:03:47', '2012-01-20 15:03:47'),
(6, 2, 'เช้า', 'รับประทานอาหาร ณ โรงแรมที่พัก... \r\nจากนั้นนำท่านเดินทางสู่ อุทยานจางเจียเจี้ย ซึ่งตั้งอยู่ทางตะวันตกเฉียงเหนือของมณฑลหูหนาน ตอนกลางค่อนมาทางใต้ของประเทศจีน เป็นพื้นที่ที่มีลักษณะพิเศษและมีทัศนียภาพที่งดงาม คลอบคลุมพื้นที่มากกว่า 264 ตารางกิโลเมตร และ 97.7% ของพื้นที่เป็นป่าไม้ จางเจียเจี้ยได้ถูกประกาศให้เป็นเขตอนุรักษ์วนอุทยานแห่งชาติในปีค.ศ. 1982 ซึ่งแบ่งออกเป็น 3 ส่วน ได้แก่ วนอุทยานแห่งชาติ หุบเขาซูยี่ และภูเขาเทียนจื่อ ความโดดเด่นของสถานที่แห่งนี้ คือ ยอดเขาและเสาหินทรายที่ตั้งตระหง่านกว่า 3,000 ยอด และสูงกว่า 200 เมตร นอกจากนี้ยังมีช่องแคบ ลำธาร สระน้ำ และน้ำตกมากมาย รวมทั้งมีถ้ำกว่า 40 ถ้ำ ซึ่งทำให้สถานที่แห่งนี้ มีภูมิทัศน์ที่งดงามจนได้รับการประกาศให้เป็นมรดกโลกปี 1992 จากองค์การ UNESCO ', 1, '2012-01-20 15:04:27', '2012-01-20 15:04:27'),
(7, 2, 'กลางวัน', 'รับประทานอาหาร ณ ภัตตาคาร... นำท่าน จากนั้นนำท่านเที่ยว ชมลำธารจินเปียนซี หรือ ลำธารแส้ทอง ซึ่งเป็นลำธารที่ไหลวนไปตามช่องเขา และชะง่อนผาสูงชันเข้าไปกลางภูเขาวงกต ลำธารจินเปียนซี มีน้ำในลำธารมีสีเขียวใสปราศจากมลภาวะ สองฝั่งน้ำจะมีภูเขาหินรูปร่างสวยแปลกตาตั้งตระหง่านเรียงรายเป็นจำนวนมาก เช่น ผาแส้ม้าทอง ผาอรหันต์เมาเหล้า ผาช่วยมารดาลอดสี่ทวารฯลฯ (เดินชมธรรมชาติประมาณ 1 กม.)\r\n จากนั้นนำท่านชมโชว์อลังการโชว์เสน่ห์ตะวัก (เหม่ยลี่เจียงซี) เป็นการสะท้อนให้เห็นถึงวัฒนธรรมของชนเผ่าพื้นเมือง เป็นการแสดงอยู่ในโรงละคร ประมาณ 1 ชม. ', 1, '2012-01-20 15:05:04', '2012-01-20 15:05:04'),
(8, 2, 'ค่ำ', 'รับประทานอาหาร ณ ภัตตาคาร… \r\nจากนั้นนำท่านสู่ที่พัก JIN TIAN HOTEL หรือเทียบเท่า 4*', 1, '2012-01-20 15:05:34', '2012-01-20 15:05:34'),
(12, 3, 'กลางวัน', 'รับประทานอาหาร ณ ภัตตาคาร... \r\nจากนั้นนำท่านไปยัง เทียนเสี้ยตี้อี้เฉียว (สะพานอันดับ 1แห่งใต้หล้า) ซึ่งมีทัศนียภาพที่สวยงามรายล้อมด้วยหมู่ขุนเขา ซึ่งภาพยนตร์ชื่อดัง อวตาร ได้นำมาเป็นฉากในการถ่ายทำ ท่านจะได้เพลิดเพลินกับทิวทัศน์ อันสวยงามแสนประทับใจ มิรู้ลืม ยากที่จะหาคำบรรยายมาพรรณาได้...นำท่านขึ้น-ลงเขาด้วยลิฟท์แก้วไป่หลง สูง 326 เมตร...\r\n จากนั้นนำชมทิวทัศน์ ภาพเขียนพู่กันสิบลี้ ซึ่งเป็นแนวทิวเขาที่ประกอบด้วยยอดเขารูปร่างแปลกพิสดารเรียงรายกัน 200 ยอด โดยมีลำธารเล็ก ๆ ไหลผ่านตามแนวทิวเขาเป็นภาพที่สวยงามราวกับภาพเขียนพู่กันจีน (รวมรถไฟฟ้าเล็ก)', 1, '2012-01-20 15:11:13', '2012-01-20 15:11:13'),
(13, 3, 'ค่ำ', 'รับประทานอาหาร ณ ภัตตาคาร... \r\nพัก JIN TIAN HOTEL หรือเทียบเท่า 4*', 1, '2012-01-20 15:11:40', '2012-01-20 15:11:40'),
(14, 4, 'เช้า', 'รับประทานอาหาร ณ ที่พัก... \r\nจากนั้นนำท่านสู่ เทียนเหมินซาน ตั้งอยู่ทางตอนใต้ของจางเจียเจี้ย ห่างจากตัวเมืองไป 8 กม. เทียนเหมินซานเดิมเป็นชื่อถ้ำ ตั้งชื่อมาแต่สมัยสามก๊ก ภายหลังใช้เรียกเป็นชื่อภูเขาด้วย ในปี ค.ศ. 1999 เทียนเหมินซานมีชื่อเสียงเป็นที่รู้จักไปทั่วโลก ไม่ใช่ในฐานะเป็นสถานที่ท่องเที่ยว แต่เป็นที่วัดฝีมือของนักบินชั้นเยี่ยม ในการบินลอดผ่านช่องเขาประตูสวรรค์แห่งนี้ เทียนเหมินซานมียอดสูงสุด สูง 1,518 เมตรจากระดับน้ำทะเล มีพื้นที่ 190 ตารางกิโลเมตร บนยอดเขายังเป็นพื้นที่ป่าดิบที่สมบูรณ์อย่างที่สุด ต้นไม้ใหญ่แต่ละต้นมีอายุนับร้อยปี ในระหว่างปี ค.ศ. 2002-2005 การท่องเที่ยวเทียนเหมินซาน ได้ใช้เงินลงทุนประมาณ 550 ล้านหยวน พัฒนาพื้นที่บางส่วนให้เป็นสถานที่ท่องเที่ยว นำท่าน ขึ้นกระเช้ากอนโดล่า ที่มีความยาว 7.5 กิโลเมตร ขึ้นสู่จุดสูงสุด “เซี่ยจ้าน” ชมความงามของภูผานับร้อยนับพันยอด จากนั้นนั่งกระเช้าลงมาที่สถานี “จงจ้าน” นั่งรถของการท่องเที่ยวท้องถิ่นนำท่านเดินทางสู่ทางขึ้นประตูสวรรค์ ถึงทางขึ้นจุดธูปใหญ่ไหว้ฟ้าขอพรเทพสวรรค์ แล้วท้าทายความสมบูรณ์ของร่างกาย ออกกำลังกายขึ้นบันได 999 ชั้น ขึ้นสู่ช่องเขาประตูสวรรค์ “เทียนเหมินซาน” ', 1, '2012-01-20 15:12:15', '2012-01-20 15:12:15'),
(11, 3, 'เช้า', 'รับประทานอาหาร ณ โรงแรมที่พัก... \r\nจากนั้นนำท่านเดินทางขึ้น เขาเทียนจื่อซาน (เขาจักรพรรดิ์) ซึ่งอยู่ใน เขตอุทยานเอี๋ยนเจียเจี้ย ด้วยกระเช้าสู่สวรรค์ พร้อมกับชมทิวทัศน์อันสวยงามที่สุดแสนประทับใจมิรู้ลืม ท่านจะได้ตื่นตาตื่นใจกับยอดเขาสูงสุดวัดได้ถึง 1,250 เมตร ทั้งทางด้านทิศตะวันออก ทิศใต้และทิศตะวันตกของเขาเทียนจื่อซานนั้นเต็มไปด้วยชะง่อนผาอันสูงชัน ลำห้วยลึก และป่าหิน หินยักษ์ในรูปลักษณะต่าง ๆ ยืนตระหง่านค้ำฟ้า เสมือนหนึ่งรี้พลมากมายกำลังเคลื่อนทัพใกล้เข้ามาอย่างรวดเร็ว... จากนั้นนำท่านเที่ยวชมทิวทัศน์อันสวยงามของ สวนจอมพลเฮ่อหลง ได้รับการจัดตั้งขึ้นเมื่อ ปี ค.ศ. 1986 เพื่อเป็นเกียรติแก่ นายพลเฮ่อหลง แห่งพรรคคอมมิวนิสต์ ซึ่งเป็นชาวสี่เจีย และมีถิ่นกำเนิด อยู่ในบริเวณนี้ จากจุดชมวิวบนยอดเขา สวนสาธารณะแห่งนี้ ท่านสามารถ มองเห็นยอดเขาและหินแปลกนับไม่ถ้วนโดยปกคลุมไปด้วยเมฆหมอก และพฤกษานาๆพันธุ์ มีรูปร่างต่างๆ ตามจินตนาการ เช่น พู่กันจักรพรรดิ สวนสวรรค์ สะพานอมตะและในบางครั้ง ภาพที่ปรากฏจะเปลี่ยนแปลงตามฤดูกาลอีกด้วย ทำให้นักทัศนาจรเกิดความรู้สึกว่าตัวเองกำลังเดินเข้าสู่แดนสวรรค์ ยังมี ลานแสดงดนตรีพื้นเมือง อนุสาวรีย์ท่านเฮ่อหลง ', 1, '2012-01-20 15:10:45', '2012-01-20 15:10:45'),
(15, 4, 'กลางวัน', 'รับประทานอาหาร ณ ภัตตาคาร... .. จากนั้นนำท่านสู่ ฉางซา...นำท่านเยี่ยมชมร้าน จิวเวอร์รี่ ', 1, '2012-01-20 15:12:41', '2012-01-20 15:12:41'),
(16, 4, 'ค่ำ', 'รับประทานอาหาร ณ ภัตตาคาร... \r\nจากนั้นนำท่านสู่ที่พัก XIANG JUN HUA TIAN HOTEL หรือ เทียบเท่า 4*', 1, '2012-01-20 15:13:02', '2012-01-20 15:13:02'),
(17, 5, 'เช้า', 'รับประทานอาหาร ณ โรงแรม... \r\nนำท่านเดินทางสู่เมืองกวางเจา โดย รถไฟด่วน ความเร็ว 350 กิโลเมตร / ชั่วโมง (บัตรโดยสารชั้นปกติ). มณฑลกวางตุ้ง ไป๋หยุน เมืองกวางเจา (เวลาเร็วกว่าประเทศไทย 1 ชม.) กวางเจาเป็นเมืองหลวงของมณฑลกวางตุ้งมีประชากรประมาณ 2 ล้านคนและมีประวัติศาสตร์ยาวนานตั้งแต่ก่อนราชวงศ์ฉิน มีแม่น้ำจูเจียงไหลผ่านกลางเมืองจึงทำให้มีการจราจรทางน้ำที่สะดวกยิ่งและได้กลายเป็นเมืองท่าที่มีชื่อเสียงของโลกในเวลาต่อมาจนได้รับขนานนามว่าเป็นประตูด้านใต้ของประเทศจีนเมืองหน้าด่านทางตอนใต้ของจีน ตั้งอยู่บนที่ราบลุ่มสามเหลี่ยม แม่น้ำจูเจียง และอยู่ห่างจากฮ่องกงเพียง 150 กิโลเมตร จึงได้ชื่อว่าเป็นเมือง หน้าด่านที่สำคัญของจีน และได้รับการขนานนามว่าเป็น “South Gate of China”... ', 1, '2012-01-20 15:13:44', '2012-01-20 15:13:44'),
(18, 5, 'กลางวัน', 'รับประทานอาหาร ณ ภัตตาคาร... \r\nนำท่านสู่ ตลาดค้าส่งกวางเจา พบสินค้าราคาถูกจำนวนมาก ให้ท่านได้ซื้อกลับไปทำธุรกิจ หรือ ซื้อเป็นของฝากให้คนที่คุณรัก... ได้เวลาสมควรนำท่านสู่สนามบิน ', 1, '2012-01-20 15:14:14', '2012-01-20 15:14:14'),
(19, 5, '20.55 น.', 'เหิรฟ้ากลับสู่กรุงเทพฯ เที่ยวบินที่ TG 669 ', 1, '2012-01-20 15:14:53', '2012-01-20 15:14:53'),
(20, 5, '23.55 น.', 'ถึงท่าอากาศยาน สุวรรณภูมิ กรุงเทพฯ โดยสวัสดิภาพ', 1, '2012-01-20 15:15:22', '2012-01-20 15:15:22'),
(21, 7, '06.00 น.', 'คณะพร้อมกัน สนามบินสุวรรณภูมิ ชั้น 4 ประตูทางเข้าหมายเลข 3 เคาน์เตอร์ D สายการบินไทย โดยมีเจ้าหน้าที่ของบริษัทฯ คอยต้อนรับและอำนวยความสะดวกด้านเอกสาร ', 1, '2012-01-20 15:27:57', '2012-01-20 15:27:57'),
(22, 7, '08.00 น.', 'นำท่านเดินทางสู่ ประเทศสิงคโปร์ โดยสายการบินไทย เที่ยวบินที่ TG403', 1, '2012-01-20 15:28:23', '2012-01-20 15:28:23'),
(23, 7, '11.15 น', 'เดินทางถึง สนามบินชางฮี ประเทศสิงคโปร์ นำท่านผ่านพิธีการตรวจคนเข้าเมือง นำท่านเดินทางโดยรถโค้ชปรับอากาศชมเมืองที่ไม่หยุดนิ่งและอุดมไปด้วยสีสันและการผสมผสานอย่างกลมกลืนของวัฒนธรรมอันหลากหลาย ', 1, '2012-01-20 15:29:10', '2012-01-20 15:29:10'),
(24, 7, 'เที่ยง', 'รับประทานอาหารกลางวัน ณ ภัตตาคาร (1) พาคณะเข้าเยี่ยมชม ซึ่งถือเป็นสถานที่ท่องเที่ยวแห่งใหม่ และเป็นบ่อนคาสิโนระดับโลกแห่งที่ 2 ของเกาะสิงคโปร์ ภายในยังมีแหล่งช้อปปิ้งสินค้าแบรนด์เนม และ ชมบรรยากาศภายในซึ่งตกแต่งได้อย่างงดงามบนยอดตึกซึ่งออกแบบเป็นรูปเรือ พร้อมชมวิว อ่าวมารีน่า เบย์ และตัวเมืองสิงคโปร์ได้อย่างชัดเจน ใกล้กับโรงแรมเป็นชิงช้าสวรรค์ยักษ์ สิงคโปร์ ฟลายเออร์ จากนั้นนำท่าน ชมเมืองสิงคโปร์ ซึ่งล้อมรอบด้วยทำเนียบรัฐบาล ศาลฎีกาและ ศาลาว่าการเมือง ชมถนนอลิซาเบธวอล์ค ซึ่งเป็น ท่านสามารถถ่ายรูปคู่กับ เมอร์ไลอ้อน สัญลักษณ์ของประเทศสิงคโปร์ โดยรูปปั้นครึ่งสิงโต ครึ่งปลานี้หันหน้าออกทางอ่าวมาริน่า มีทัศนียภาพที่สายงาม โดยมีฉากด้านหลังเป็นโรงละครเอสเพลนนาท ซึ่งโดดเด่นด้วยสถาปัตยกรรมการสร้างคล้ายหนามทุเรียน ', 1, '2012-01-20 15:30:10', '2012-01-20 15:30:10'),
(25, 7, 'ค่ำ', 'รับประทานอาหารค่ำ ณ ภัตตาคาร (2) จากนั้นนำท่านเดินทางสู่ คลาร์ก คีย์ แหล่งท่องเที่ยวยามค่ำคืนยอดนิยมของชาวสิงคโปร์..จากนั้นนำท่าน ล่องเรือชมแม่น้ำสิงค์โปร์ ยามค่ำคืน ระหว่างทางท่านจะสัมผัสกับบรรยากาศสบาย ๆ สุดคลาสสิคพร้อมชมบ้านเรือนและย่านท่องเที่ยวยามราตรีที่สวยงามและสุดคึกคัก', 1, '2012-01-20 15:30:34', '2012-01-20 15:30:34'),
(26, 8, 'เช้า', 'รับประทานอาหารเช้า ณ ห้องอาหารของโรงแรม (3) นำคณะเดินทางสู่ ได้ถูกเนรมิตขึ้นใน รีสอร์ท เวิลด์ เซ็นโตซ่า อภิมหาโครงการมูลค่า 1.58 แสนล้านบาท ซึ่งภายในมีแอทแร็กชั่นและเครื่องเล่นทั้งหมด 24 ชนิด โดยมีเครื่องเล่นใหม่ล่าสุดที่ถูกออกแบบมาเฉพาะสวนสนุกแห่งนี้ถึง 18 ชนิดด้วยกัน เช่น Battlestar Galactice, Shrek, Far Far Away Castle ให้ท่านได้สนุกสนานเพลิดเพลิน ตระการตาไปกับฉากจำลองภาพยนตร์เรื่องดังต่างๆ เช่น Waterworld, Jurassic Park พร้อมซื้อหาสินค้าของที่ระลึกนานาชนิดที่ ถนนสายฮอลลีวู้ด BATTLESTAR GALACTICT tm: รถไฟเหาะตีลังการางคู่ที่สูงที่สุดในโลก เพลิดเพลินกับ MADAGASCAR: A CRATE ADVENTURE tm: เครื่องเล่นจากภาพยนตร์ ที่ได้รับความสำเร็จเป็นอย่างมากเรื่อง\\"มาดากัสการ์\\" เครื่องแรกของโลก จากดรีมเวิร์คอานิเมชั่น, ปราสาทฟาร์ฟาร์อเวย์ ปราสาทเชร็คแห่งแรกของโลก , จูราสิคพาร์คราปิคแอดเวนเจอร์ การผจญภัยกลางสายน้ำ เพื่อหนีการตามล่าจากทีเร็กซ์ ตื่นเต้นกับรีเวนจ์ออฟเดอะมัมมี่ รถไฟเหาะที่มีความเร็วสูง ที่จะพานักท่องเที่ยวหลบลูกไฟ แมลงปีกแข็ง และกองทัพมัมมี่ท่ามกลางความมืดมิด ให้ท่านได้เลือกเดินเล่นถนนคนเดินแห่งความบันเทิงที่ Fastive Walk เปิดให้บริการตลอด 24 ชั่วโมง สนุกสนานไปกับการช้อปปิ้ง พบกับร้านค้าแบรนด์เนมมากมาย จากนั้นตื่นตาไปกับการแสดงโชว์ ทะเลสาบแห่งความฝัน Lake of Dream การแสดงสายน้ำประกอบเสียงเพลงท่วงทำนองเร้าใจด้วยเทคนิคเลเซอร์ล้ำสมัยเพื่อสร้างสรรค์เป็นภาพเคลื่อนไหวหลายมิติ หรือจะเลือกเยี่ยมชมโรงแรมหรูระดับ 6 ดาว Festive Hotel เพียงก้าวเข้าสู่บันไดเลื่อน แชมเบอร์ ออฟ เทรดเชอร์ ก็จะไพบความงดงามแบบดิจิตอลพาโนรามาจากประติมากรรมละลานตา พบกันกับ เดอะ ซีเคร็ด การ์เดนท์ สวนสาธารณะที่รายล้อมไปด้วยกำแพงน้ำ ชมการแสดงของกลุ่มสาวป๊อปแดนซ์ เดอะ แมกซิม ดอล ซึ่งจะนำความมันส์ ที่ผสมผสานเสน่ห์ของเซี่ยงไฮ้ และ ลาสเวกัส มาสู่คุณ...เพลิดเพลินกับการเยี่ยมชมคาสิโนแห่งแรกของสิงคโปร์ (ต้องใช้หนังสือเดินทางในการเข้าชม และ ห้ามเด็กอายุต่ำกว่า 12 ปีเข้าภายในคาสิโน) บริเวณภายใน Festive Walk ยังมีร้านค้าขายของกิน และ ของที่ระลึกมากมายให้ท่านได้เพลิดเพลินไม่รู้จบอีกด้วย ได้เวลาอันสมควรอำลาเกาะเซ็นโตซ่า เดินทางกลับสู่ที่พัก ', 1, '2012-01-20 15:31:17', '2012-01-20 15:31:17'),
(27, 8, 'เที่ยง', 'อิสระอาหารกลางวัน', 1, '2012-01-20 15:31:43', '2012-01-20 15:31:43'),
(28, 8, 'ค่ำ', 'รับประทานอาหารค่ำ ณ ภัตตาคาร (4) หลังอาหารนำท่านเข้าสู่ที่พัก Hotel Royal 3* หรือเทียบเท่า', 1, '2012-01-20 15:32:06', '2012-01-20 15:32:06'),
(29, 9, 'เช้า', 'รับประทานอาหารเช้า ณ ห้องอาหารของโรงแรม (5) จากนั้นเดินทางสู่ ย่านบูกิต นำท่านชม วัดเจ้าแม่กวนอิม ให้ท่านได้สักการะองค์เจ้าแม่กวนอิม พันมือ และใกล้กันก็เป็นวัดแขก ซึ่งมีศิลปกรรม การตกแต่งที่สวยงาม มีเวลาให้ท่านได้ถ่ายรูปและเยี่ยมชมด้านใน จากนั้นนำท่านสัมผัส น้ำพุแห่งความมั่งคั่ง Fountain of wealth แห่งเมืองสิงคโปร์ ตั้งอยู่ท่ามกลางหมู่ตึกซันเทคซิตี้ ซันเทค มาจากคำในภาษาจีน แปลว่าความสำเร็จชิ้นใหม่ หมู่ตึกซันเทค สร้างขึ้นโดยนักธุรกิจชาวฮ่องกง ซึ่งนับเป็นโครงการพาณิชย์ขนาดใหญ่ที่สุดของเมือง โดยคนสิงคโปร์เชื่อว่าถ้าได้เดินรอบลานน้ำพุ และได้สัมผัสน้ำจะพบโชคดีและร่ำรวยตลอดปี นำท่านเดินทางสู่ย่าน ไชน่าทาวน์ เดินทางสู่ เพื่อ สักการะพระบรมสารีริกธาตุและพระเขี้ยวแก้ว วัดแห่งนี้ตั้งอยู่บนใจกลางย่านไชน่าทาวน์ ภายในมีสถูปสร้างขึ้นจากทองคำที่มีผู้มีจิตศรัทธาร่วมบริจาคกว่า 420 กก. ตัวอาคารสร้างตามสถาปัตยกรรมสมัยราชวงศ์ถัง ซึ่งเป็นยุคทองของพุทธศาสนา แบ่งเป็น 4 ชั้น ชมพิพิธภัณฑ์และนิทรรศการเกี่ยวกับพุทธศาสนา และชมพุทธรูปภายในพิพิธภัณฑ์ อิสระให้ท่านได้เลือกซื้อสิ้นค้าที่ระลึกเพื่อเป็นของฝากย่านไชน่าทาวน์ ', 1, '2012-01-20 15:32:43', '2012-01-20 15:32:43'),
(30, 9, 'เที่ยง', 'รับประทานอาหารกลางวัน ณ ภัตตาคาร (6) จากนั้นเชิญท่านอิสระกับ การช้อปปิ้งตามอัธยาศัย ย่านถนนออร์ชาร์ด ถนนสายช้อปปิ้งชื่อดังและเป็นที่รู้จักของนักช้อปปิ้ง ห้างสรรพสินค้าให้ท่านได้เลือกซื้อสินค้ามากมาย เช่น โรบินสัน, เซ็นเตอร์พอยท์, ออร์ชาร์ดพลาซ่า, ลักกี้พลาซ่า, Wisma Atria Shopping Centre, Takashimaya และหลากหลายยี่ห้อแบรนด์ดังให้ท่านได้เลือกซื้อ อาทิ Bossini, G2000, Giordano, Baleno, สมควรแก่เวลานำท่านเดินทางสู่สนามบินชางฮี เพื่อเดินทางกลับ ', 1, '2012-01-20 15:33:08', '2012-01-20 15:33:08'),
(31, 7, '20.50 น.', 'ออกเดินทางสู่สุวรรณภูมิ โดยสายการบินไทย เที่ยวบินที่ TG410', 1, '2012-01-20 15:33:34', '2012-01-20 15:33:34'),
(32, 9, '22.10 น.', 'เดินทางกลับถึงสนามบินสุวรรณภูมิ โดยสวัสดิภาพ พร้อมความประทับใจ ', 1, '2012-01-20 15:34:04', '2012-01-20 15:34:04');

-- --------------------------------------------------------

--
-- Table structure for table `t_tour_day_title`
--

CREATE TABLE IF NOT EXISTS `t_tour_day_title` (
  `title_id` int(10) unsigned NOT NULL auto_increment,
  `tour_id` int(10) unsigned NOT NULL,
  `day_title` varchar(256) NOT NULL,
  `admin_id` int(5) unsigned NOT NULL,
  `update_dtm` timestamp NOT NULL default CURRENT_TIMESTAMP on update CURRENT_TIMESTAMP,
  `enter_dtm` timestamp NOT NULL default '0000-00-00 00:00:00',
  PRIMARY KEY  (`title_id`),
  KEY `tour_id` (`tour_id`)
) ENGINE=MyISAM  DEFAULT CHARSET=utf8 AUTO_INCREMENT=10 ;

--
-- Dumping data for table `t_tour_day_title`
--

INSERT INTO `t_tour_day_title` (`title_id`, `tour_id`, `day_title`, `admin_id`, `update_dtm`, `enter_dtm`) VALUES
(1, 3, 'วันแรก สนามบินสุวรรณภูมิ กรุงเทพฯ - กวางเจา – รถไฟด่วนความเร็วสูง - ฉางซา – ถนนคนเดิน', 1, '2012-01-19 16:06:48', '2012-01-19 16:06:48'),
(2, 3, 'วันที่สอง อุทยานจางเจียเจี้ย – ลำธารแส้ม้าทอง(จินเปียนซี) -โชว์เสน่ห์ตะวันตก', 1, '2012-01-19 16:07:57', '2012-01-19 16:07:57'),
(3, 3, 'วันที่สาม จางเจียเจี้ย – กระเช้าสู่สวรรค์ + ลิฟ์ท์แก้วไป่หลง เขาเทียนจื่อซาน – สวนจอมพลเฮ่อหลง – สะพาน “เทียเสี้ยตี้อี้เฉียว” – ทิวทัศน์ภาพเขียนพู่กันสิบลี้', 1, '2012-01-19 16:08:24', '2012-01-19 16:08:24'),
(4, 3, 'วันที่สี่ จางเจียเจี้ย – เทียนเหมินซาน + กระเช้ากอนโดล่า - ฉางซา', 1, '2012-01-19 16:08:49', '2012-01-19 16:08:49'),
(5, 3, 'วันที่ห้า ฉางซา–กวางเจา-รถไฟด่วนความเร็วสูง – ช้อปปิ้งตลาดค้าส่ง - กรุงเทพ', 1, '2012-01-19 16:09:18', '2012-01-19 16:09:18'),
(7, 4, 'วันแรก กรุงเทพฯ – สิงคโปร์– Marina Bay Sands Casino-จุดชมวิวมาริน่าเบย์ - เมอร์ไลอ้อน-ล่องเรือแม่น้ำสิงคโปร์', 1, '2012-01-20 15:26:55', '2012-01-20 15:26:55'),
(8, 4, 'วันที่สอง สวนสนุกยูนิเวอร์แซล สตูดิโอ ', 1, '2012-01-20 15:27:08', '2012-01-20 15:27:08'),
(9, 4, 'วันที่สาม วัดเจ้าแม่กวนอิม-วัดแขก-ไชน่าทาวน์ - สักการะพระเขี้ยวแก้ว – ตึกซันเทคซิตี้-ช้อปปิ้งถนนออร์ชาร์ด - กรุงเทพฯ', 1, '2012-01-20 15:27:21', '2012-01-20 15:27:21');

-- --------------------------------------------------------

--
-- Table structure for table `t_tour_destination`
--

CREATE TABLE IF NOT EXISTS `t_tour_destination` (
  `des_id` int(10) unsigned NOT NULL auto_increment,
  `des_name` varchar(250) NOT NULL,
  `active_status` enum('yes','no') NOT NULL,
  `admin_id` int(5) unsigned NOT NULL,
  `update_dtm` timestamp NOT NULL default CURRENT_TIMESTAMP on update CURRENT_TIMESTAMP,
  `enter_dtm` timestamp NOT NULL default '0000-00-00 00:00:00',
  PRIMARY KEY  (`des_id`)
) ENGINE=MyISAM  DEFAULT CHARSET=utf8 AUTO_INCREMENT=11 ;

--
-- Dumping data for table `t_tour_destination`
--

INSERT INTO `t_tour_destination` (`des_id`, `des_name`, `active_status`, `admin_id`, `update_dtm`, `enter_dtm`) VALUES
(4, 'ทัวร์มาเลเซีย', 'yes', 1, '2012-01-23 16:30:23', '2012-01-18 12:47:19'),
(5, 'ทัวร์สิงค์โปร', 'yes', 1, '2012-01-23 16:30:42', '2012-01-18 12:47:37'),
(6, 'ทัวร์ฮ่องกง', 'yes', 1, '2012-01-23 16:30:59', '2012-01-18 12:47:49'),
(7, 'ทัวร์มาเก๊า', 'yes', 1, '2012-01-23 16:30:07', '2012-01-18 12:47:58'),
(8, 'ทัวร์จีน', 'yes', 1, '2012-01-23 16:29:49', '2012-01-18 12:48:07'),
(9, 'ทัวร์เกาหลี', 'yes', 1, '2012-01-23 16:31:16', '2012-01-18 12:48:17'),
(10, 'ทัวร์เวียดนาม', 'yes', 1, '2012-01-23 15:35:22', '2012-01-18 12:48:27');

-- --------------------------------------------------------

--
-- Table structure for table `t_trips`
--

CREATE TABLE IF NOT EXISTS `t_trips` (
  `trip_id` int(10) unsigned NOT NULL auto_increment,
  `tour_id` int(10) unsigned NOT NULL,
  `departure_date` date NOT NULL,
  `arrival_date` date NOT NULL,
  `num_person` int(4) unsigned NOT NULL,
  `price_double_bed` int(8) unsigned NOT NULL,
  `price_single_bed` int(8) unsigned NOT NULL,
  `price_extra_bed` int(8) unsigned NOT NULL,
  `price_bed_sharing` int(8) unsigned NOT NULL,
  `active_status` enum('yes','no') NOT NULL,
  `admin_id` int(5) unsigned NOT NULL,
  `update_dtm` timestamp NOT NULL default CURRENT_TIMESTAMP on update CURRENT_TIMESTAMP,
  `enter_dtm` timestamp NOT NULL default '0000-00-00 00:00:00',
  PRIMARY KEY  (`trip_id`),
  KEY `tour_id` (`tour_id`)
) ENGINE=MyISAM  DEFAULT CHARSET=utf8 AUTO_INCREMENT=6 ;

--
-- Dumping data for table `t_trips`
--

INSERT INTO `t_trips` (`trip_id`, `tour_id`, `departure_date`, `arrival_date`, `num_person`, `price_double_bed`, `price_single_bed`, `price_extra_bed`, `price_bed_sharing`, `active_status`, `admin_id`, `update_dtm`, `enter_dtm`) VALUES
(1, 4, '2012-02-10', '2012-02-12', 20, 21999, 26999, 20999, 19999, 'yes', 1, '2012-01-28 15:36:43', '2012-01-21 06:12:00'),
(3, 4, '2012-02-24', '2012-02-26', 20, 21999, 25999, 20999, 19999, 'yes', 1, '2012-01-21 06:26:51', '2012-01-21 06:26:51'),
(4, 3, '2012-02-09', '2012-02-13', 20, 27999, 33999, 26999, 25999, 'yes', 1, '2012-01-21 13:40:12', '2012-01-21 13:40:12'),
(5, 3, '2012-02-18', '2012-02-22', 20, 27999, 33999, 26999, 25999, 'yes', 1, '2012-01-21 13:41:25', '2012-01-21 13:41:25');

/*!40101 SET CHARACTER_SET_CLIENT=@OLD_CHARACTER_SET_CLIENT */;
/*!40101 SET CHARACTER_SET_RESULTS=@OLD_CHARACTER_SET_RESULTS */;
/*!40101 SET COLLATION_CONNECTION=@OLD_COLLATION_CONNECTION */;
